AW,D,PD,MD,F,FM,ZN,DE,IN,O,VI,DI,LAB_CODE,TEST_RESULT_VALUE
0.0,0.692,0.0,0.0,0.025,0.0,1.859,4.078,0.225,0.0,9.2,6.467,EG,185.7
0.0,0.0,0.0,0.0,0.027,0.0,1.395,3.631,0.158,0.0,0.0,3.664,EG,383.3
0.0,0.0,0.0,0.0,0.026,0.0,1.319,3.45,0.145,0.0,0.0,3.91,EG,248.3
0.0,0.0,0.5,0.0,0.017,0.0,1.293,3.359,0.165,0.0,9.4,3.194,EG,278.8
0.0,0.0,0.3,0.0,0.015,0.05,0.86,3.028,0.2,0.0,7.2,2.65,SR,269.7
0.0,0.0,0.3,0.4,0.05,0.0,1.893,4.254,1.8,0.0,7.15,8.35,SR,496.5
0.0,0.0,0.3,0.4,0.05,0.0,1.893,4.254,1.8,0.0,6.55,8.35,SR,290.3
0.0,0.0,0.3,0.4,0.05,0.0,1.893,4.254,1.8,0.0,6.75,8.35,EG,278.9
0.0,0.442,0.2,0.0,0.022,0.0,1.126,2.71,0.133,0.0,6.8,2.82,EG,249.3
0.0,0.0,0.2,0.0,0.025,0.0,0.697,1.98,0.1,0.0,10,2.673,EG,432
0.0,0.0,0.2,0.0,0.025,0.0,0.697,1.98,0.1,0.0,10,2.673,EG,477.6
0.0,0.0,0.2,0.0,0.025,0.0,0.697,1.98,0.1,0.0,7,2.673,EG,424.2
0.0,0.0,0.2,0.0,0.025,0.0,0.697,2.442,0.1,0.0,10.12,2.673,EG,291.5
0.0,0.0,0.2,0.0,0.025,0.0,1.14,1.98,0.1,0.0,10.2,2.673,EG,407.1
0.0,0.0,0.3,0.0,0.025,0.0,1.121,3.902,0.167,0.0,9.85,2.764,EG,220.7
0.0,0.0,0.3,0.0,0.025,0.0,0.697,3.817,0.1,0.0,10.8,2.673,EG,364.8
0.0,0.0,0.3,0.0,0.025,0.0,1.545,3.114,0.15,0.0,12.9,5.3,EG,432.7
0.0,0.258,0.3,0.0,0.025,0.0,0.698,1.448,0.077,0.0,10.5,2.724,EG,419.5
0.0,0.0,0.0,0.0,0.025,0.0,1.313,3.473,0.196,0.3,0.0,7.845,LT,211.9
0.0,0.0,0.0,0.0,0.025,0.0,1.313,3.473,0.196,0.3,0.0,7.845,LT,247.2
0.0,0.0,0.0,0.0,0.025,0.0,1.313,3.473,0.196,0.3,0.0,7.845,LT,256.6
0.0,0.27,0.1,0.0,0.025,0.0,1.304,2.842,1.462,0.05,0.0,12.751,LT,280.9
0.0,0.0,0.0,0.0,0.025,0.0,0.815,2.358,1.397,0.0,5.28,8.85,LT,256
0.0,0.0,0.3,0.0,0.02,0.0,2.103,8.707,0.586,0.0,6,8.14,LT,325.2
0.0,0.0,0.0,0.0,0.05,0.0,1.371,44.132,0.5,0.0,0,4.5,LT,293
0.0,0.49,0.3,0.0,0.025,0.0,1.304,1.955,0.399,0.0,8.4,5.611,LT,360.2
0.0,0.0,0.3,0.0,0.02,0.0,2.089,8.707,0.586,0.0,6,8.14,LT,219.8
0.0,0.63,0.2,0.0,0.025,0.0,1.304,3.459,0.696,0.0,0.0,6.678,LT,281.5
0.0,0.0,0.2,0.0,0.025,0.0,0.815,3.459,0.196,0.0,0.0,4.274,LT,287.1
0.0,0.0,0.2,0.0,0.025,0.0,0.815,3.459,0.196,0.0,0.0,4.274,LT,466.9
0.0,0.49,0.3,0.0,0.025,0.0,1.304,1.955,0.391,0.0,8.4,5.611,LT,290.9
0.0,0.0,0.2,0.0,0.025,0.0,1.377,3.569,0.7,0.0,0.0,7,LT,320
0.0,0.0,0.2,0.0,0.025,0.0,1.377,3.569,0.7,0.0,0.0,7,LT,181.6
0.0,0.0,0.2,0.0,0.025,0.0,1.377,3.569,0.7,0.0,0.0,7,LT,203.7
0.0,0.0,0.0,0.0,0.05,0.0,1.362,5.689,0.5,0.0,0,4.6,LT,364
0.0,0.77,0.15,0.0,0.025,0.0,1.304,3.735,1.461,0.0,0.0,7.488,LT,330
0.0,0.0,0.0,0.0,0.025,0.0,1.304,3.459,0.688,0.0,7.4,7.488,LT,274
0.0,0.0,0.0,0.0,0.025,0.0,1.304,3.459,0.688,0.0,7.4,7.488,LT,334
0.0,0.0,0.0,0.0,0.025,0.0,1.304,3.459,0.688,0.0,7.4,7.488,LT,180.5
0.0,0.0,0.0,0.0,0.05,0.0,1.365,5.867,0.2,0.0,0,5.5,LT,227.5
0.0,0.0,0.0,0.0,0.05,0.0,1.365,5.867,0.2,0.0,0,5.5,LT,228.6
0.0,0.0,0.0,0.0,0.025,0.0,0.815,3.884,1.708,0.0,18,5.026,LT,335.5
0.0,0.0,0.0,0.0,0.025,0.0,1.377,3.058,0.2,0.0,0.0,7,LT,250.4
0.0,0.0,0.0,0.0,0.05,0.0,1.349,5.867,0.2,0.0,0.0,5.6,LT,897.2
0.0,0.63,0.2,0.0,0.025,0.0,1.467,3.459,0.688,0.0,0.0,6.399,LT,220.7
0.0,0.63,0.2,0.0,0.025,0.0,1.467,3.459,0.688,0.0,0.0,6.399,LT,193
0.0,0.0,0.0,0.0,0.05,0.0,1.362,5.749,0.2,0.0,0,8.8,LT,312.2
0.0,0.0,0.1,0.0,0.025,0.0,1.372,4.395,0.3,0.0,0.0,8,LT,1176.1
0.0,0.0,0.1,0.0,0.025,0.0,1.377,3.851,1.25,0.0,0.0,10,LT,311.3
0.0,0.0,0.0,0.0,0.05,0.0,1.339,5.867,0.2,0.0,0,6.5,LT,299.1
0.0,0.0,0.1,0.0,0.025,0.0,1.377,3.569,0.7,0.0,0.0,8,LT,287.6
0.0,0.352,0.0,0.0,0.025,0.0,1.377,3.851,1.25,0.0,9.7,10,EG,360.1
0.0,0.352,0.0,0.0,0.025,0.0,1.377,3.851,1.25,0.0,9.7,10,EG,265.8
0.0,0.352,0.0,0.0,0.025,0.0,1.377,3.851,1.25,0.0,9.7,10,EG,202.4
0.0,0.35,0.2,0.0,0.025,0.0,1.304,3.787,1.135,0.0,0.0,8.987,LT,230.1
0.0,0.35,0.2,0.0,0.025,0.0,1.304,3.787,1.135,0.0,0.0,8.987,LT,271.5
0.0,0.35,0.0,0.0,0.025,0.0,1.441,3.787,1.235,0.0,8.7,9.017,LT,248
0.0,0.0,0.0,0.0,0.025,0.0,1.441,3.525,0.688,0.0,0.0,7.389,LT,447.4
0.0,0.0,0.0,0.0,0.025,0.0,1.372,3.538,0.446,0.0,0.0,5.948,LT,236.4
0.0,0.0,0.0,0.0,0.025,0.0,1.441,3.352,0.699,0.0,7.6,7.389,LT,174.1
0.0,0.0,0.0,0.0,0.025,0.0,1.441,3.352,0.699,0.0,7.6,7.389,LT,211.2
0.0,0.74,0.15,0.0,0.025,0.0,1.441,3.614,1.426,0.0,11,8.248,LT,225
0.0,0.74,0.15,0.0,0.025,0.0,1.441,3.614,1.426,0.0,11,8.248,LT,280.5
0.0,0.74,0.15,0.0,0.025,0.0,1.441,3.614,1.426,0.0,0.0,8.248,LT,252.5
0.0,0.74,0.15,0.0,0.025,0.0,1.441,3.614,1.426,0.0,0.0,8.248,LT,238.8
0.0,0.0,0.0,0.0,0.025,0.0,1.441,3.193,0.199,0.3,0.0,7.411,LT,348.5
0.0,0.0,0.0,0.0,0.025,0.0,1.441,3.193,0.199,0.3,0.0,7.411,LT,254.7
0.0,0.74,0.15,0.0,0.025,0.0,1.345,3.614,1.426,0.0,11,8.019,LT,232.3
0.0,0.74,0.15,0.0,0.025,0.0,1.345,3.614,1.426,0.0,11,8.019,LT,204.6
0.0,0.74,0.15,0.0,0.025,0.0,1.345,3.614,1.426,0.0,11,8.019,LT,160.2
0.0,0.0,0.1,0.0,0.025,0.0,1.463,3.569,0.7,0.0,0.0,8,LT,211.1
0.0,0.0,0.1,0.0,0.025,0.0,1.463,3.569,0.7,0.0,0.0,8,LT,335.5
0.0,0.0,0.0,0.0,0.0,0.0,1.377,2.967,0.2,0,0.0,10,LT,263.1
0.0,0.0,0.3,0.0,0.04,0.0,1.378,4.604,0.736,0.0,6.5,7.205,LT,196.4
0.0,0.0,0.0,0.0,0.025,0.0,1.345,3.193,0.192,0.3,0.0,7.723,LT,229.3
0.0,0.0,0.0,0.0,0.025,0.0,1.345,3.193,0.192,0.3,0.0,7.723,LT,260.8
0.0,0.0,0.0,0.0,0.025,0.0,1.345,3.682,0.192,0.3,0.0,7.723,LT,272.4
0.0,0.0,0.0,0.0,0.025,0.0,1.345,3.682,0.192,0.3,0.0,7.723,LT,279.9
0.0,0.0,0.1,0.0,0.025,0.0,1.377,3.851,0.95,0.0,0.0,8.3,LT,237.1
0.0,0.0,0.1,0.0,0.025,0.0,1.377,3.851,0.95,0.0,0.0,8.3,LT,226.1
0.0,0.0,0.1,0.0,0.025,0.0,1.377,3.851,0.95,0.0,0.0,8.3,LT,705.7
0.0,0.7,0.2,0.0,0.025,0.0,1.345,3.553,0.687,0.0,17.4,7.761,LT,458.7
0.0,0.0,0.1,0.0,0.025,0.0,1.377,3.851,0.95,0.0,0.0,8.3,LT,257.8
0.0,0.0,0.1,0.0,0.025,0.0,1.377,3.851,0.95,0.0,0.0,8.3,LT,359.8
0.0,0.5,0.05,0.0,0.025,0.0,0.815,3.856,0.395,0.0,0.0,4.402,LT,322.3
0.0,0.0,0.1,0.0,0.025,0.0,1.463,3.569,0.7,0.0,0.0,8.2,LT,310.4
0.0,0.0,0.05,0.0,0.025,0.0,1.379,3.942,0.0,0.0,0.0,6.078,LT,383.7
0.0,0.0,0.1,0.0,0.025,0.0,1.463,3.569,0.7,0.0,0.0,8,LT,223.4
0.0,0.0,0.1,0.0,0.05,0.0,1.492,3.64,0.714,0.0,0.0,8.16,LT,270.3
0.0,0.0,0.1,0.0,0.05,0.0,1.463,3.569,0.7,0.0,0.0,8,LT,256.4
0.0,0.5,0.05,0.0,0.025,0.0,0.815,3.856,0.403,0.0,0.0,4.452,LT,355
0.0,0.0,0.1,0.0,0.025,0.0,1.377,3.851,0.95,0.0,0.0,8.3,LT,260.6
0.0,0.0,0.15,0.0,0.025,0.0,1.377,3.851,0.95,0.0,0.0,8.3,LT,236.4
0.0,0.0,0.05,0.0,0.025,0.0,1.379,3.942,0.0,0.0,0.0,6.117,LT,344.4
0.0,0.0,0.0,0.0,0.0,0.0,0.0,0.0,0.0,0.0,0.0,0.0,EG,198.8
0.0,0.7,0.2,0.0,0.025,0.0,1.304,3.593,0.726,0.0,17.4,7.859,LT,272.7
0.0,0.7,0.2,0.0,0.025,0.0,1.304,3.593,0.726,0.0,17.4,7.859,LT,312.5
0.0,0.0,0.0,0.0,0.005,0.0,1.377,3.957,0.2,0.0,16,6.2,LT,184.4
0.0,0.0,0.0,0.0,0.005,0.0,1.377,3.957,0.2,0.0,16,6.2,EG,178.1
0.0,0.7,0.2,0.0,0.025,0.0,1.269,3.678,0.852,0.0,17.4,7.8,LT,238.8
0.0,0.0,0.1,0.0,0.025,0.0,1.377,3.851,0.95,0.0,0.0,8.3,EG,240.4
0.0,0.0,0.1,0.0,0.025,0.0,1.377,3.851,0.95,0.0,0.0,8.3,EG,296.5
0.0,0.0,0.3,0.0,0.05,0.0,1.386,3.079,0.869,0.0,0.0,7.394,LT,381.7
0.0,0.0,0.0,0.0,0.025,0.0,0.815,3.799,1.757,0.0,8.8,5.389,LT,220.7
0.0,0.59,0.3,0.0,0.05,0.0,1.386,3.079,0.862,0.0,0.0,7.325,LT,710.9
0.0,0.59,0.3,0.0,0.05,0.0,1.386,3.079,0.862,0.0,0.0,7.325,EG,238.5
0.0,0.59,0.3,0.0,0.05,0.0,1.386,3.079,0.862,0.0,0.0,7.325,EG,346.2
0.0,0.59,0.3,0.0,0.05,0.0,1.386,3.079,0.862,0.0,6.8,7.325,LT,281
0.0,0.59,0.3,0.0,0.05,0.0,1.386,3.079,0.862,0.0,6.8,7.325,LT,278.7
0.0,0.0,0.2,0.0,0.025,0.0,0.86,4.002,1.7,0.0,10.5,5.5,LT,239.6
0.0,0.69,0.3,0.0,0.025,0.0,1.304,3.514,0.47,0.0,6.6,7.8,LT,178.7
0.0,0.0,0.15,0.0,0.025,0.0,1.377,3.851,0.95,0.0,10.4,8.3,LT,259.6
0.0,0.0,0.1,0.0,0.025,0.0,1.377,3.851,0.95,0.0,0.0,8.3,LT,239.2
0.0,0.0,0.3,0.0,0.025,0.0,1.377,3.69,0.45,0.0,7,8,LT,240.7
0.0,0.0,0.1,0.0,0.025,0.0,1.377,3.851,0.95,0.0,0.0,8.3,LT,259.4
0.0,0.0,0.1,0.0,0.025,0.0,1.377,3.851,0.95,0.0,0.0,8.3,LT,299.3
0.0,0.0,0.3,0.0,0.025,0.0,1.377,3.69,0.45,0.0,6.2,8,LT,253.5
0.0,0.0,0.3,0.0,0.02,0.0,1.778,5.898,0.468,0.0,0.0,5.096,LT,197.8
0.0,0.0,0.3,0.0,0.05,0.0,1.463,3.152,0.85,0.0,0.0,7.5,LT,326.6
0.0,0.0,0.3,0.0,0.05,0.0,1.463,3.152,0.85,0.0,8.1,7.5,LT,228.7
0.0,0.0,0.3,0.0,0.05,0.0,1.463,3.152,0.85,0.0,6.1,7.5,LT,249.9
0.0,0.0,0.3,0.0,0.05,0.0,1.463,3.152,0.85,0.0,5.9,7.5,LT,256.5
0.0,0.0,0.3,0.0,0.05,0.0,1.463,3.152,0.85,0.0,7.6,7.5,LT,333.2
0.0,0.0,0.3,0.0,0.05,0.0,1.463,3.152,0.85,0.0,7.6,7.5,LT,309.3
0.0,0.0,0.3,0.0,0.02,0.0,1.356,4.458,0.193,0.0,7,10.695,LT,196
0.0,0.0,0.3,0.0,0.02,0.0,1.356,4.458,0.193,0.0,0.0,10.695,LT,316.6
0.0,0.0,0.3,0.0,0.05,0.0,1.463,3.152,0.85,0.0,0.0,7.5,LT,211.9
0.0,0.0,0.3,0.0,0.05,0.0,1.463,3.152,0.85,0.0,0.0,7.5,LT,280.9
0.0,0.0,0.0,0.0,0.025,0.0,1.42,3.138,0.2,0.0,0.0,8,LT,274.4
0.0,0.0,0.15,0.0,0.005,0.0,0.847,3.43,0.188,0.0,0.0,4.841,LT,289.1
0.0,0.0,0.15,0.0,0.025,0.0,1.377,3.851,0.95,0.0,10.7,8.3,LT,198
0.0,0.0,0.0,0.0,0.025,0.0,1.269,3.387,0.692,0.0,0.0,7.8,LT,276.2
0.0,0.0,0.8,0.0,0.025,0.0,0.86,4.002,1.7,0.0,10.4,5.5,LT,267.9
0.0,0.0,0.0,0.0,0.025,0.0,0.86,4.002,1.7,0,0,5.5,LT,350.4
0.0,0.0,0.15,0.0,0.025,0.0,1.377,3.851,0.95,0.0,10.7,8.3,LT,284.8
0.0,0.0,0.0,0.0,0.01,0.0,1.285,3.61,0.157,0.0,8.9,6.805,LT,344.3
0.0,0.0,0.0,0.0,0.025,0.0,1.377,4.295,0.5,0.0,0.0,7,LT,245.3
0.0,0.6,0.3,0.0,0.019,0.0,0.952,3.971,0.353,0.0,7.1,5.849,LT,1241.3
0.0,0.6,0.3,0.0,0.019,0.0,0.952,3.971,0.353,0.0,7.1,5.849,LT,271.6
0.0,0.0,0.2,0.0,0.025,0.0,1.269,3.337,0.2,0.0,8.4,7.8,LT,200
0.0,0.0,0.15,0.0,0.025,0.0,1.377,3.851,0.95,0.0,11,8.3,LT,254.2
0.0,0.0,0.0,0.0,0.025,0.0,1.377,4.295,0.2,0.0,8.2,7,LT,162.8
0.0,0.0,0.0,0.0,0.025,0.0,1.377,4.295,0.2,0.0,8.2,7,LT,241.6
0.0,0.0,0.0,0.0,0.025,0.0,1.377,3.68,0.2,0.0,7.5,8,LT,237.6
0.0,0.0,0.0,0.0,0.025,0.0,1.377,3.68,0.2,0.0,7.5,8,LT,228
0.0,0.0,0.0,0.0,0.025,0.0,1.377,3.028,0.7,0.0,7.2,8,LT,212.7
0.0,0.0,0.0,0.0,0.025,0.0,1.377,3.028,0.7,0.0,7.2,8,LT,245
0.0,0.0,0.5,0.0,0.025,0.0,0.86,4.002,1.7,0.0,14.1,5.5,LT,234
0.0,0.0,0.15,0.0,0.025,0.0,1.377,3.851,0.95,0.0,10.8,8.3,LT,173.8
0.0,0.0,0.0,0.0,0.025,0.0,1.377,4.295,0.2,0.0,9.5,7,LT,213.3
0.0,0.0,0.0,0.0,0.025,0.0,1.42,3.138,0.2,0.0,0.0,8,LT,259.7
0.0,1.2,0.0,0.0,0.025,0.0,1.377,3.569,0.7,0.0,7.6,8,LT,187.8
0.0,0.0,0.0,0.0,0.025,0.0,1.377,3.569,0.7,0.0,7,5,LT,228
0.0,0.0,0.0,0.0,0.025,0.0,1.377,3.569,0.7,0.0,12.2,5,EG,207
0.0,0.0,0.3,0.0,0.02,0.0,1.377,4.512,0.45,0.03,7,10,LT,230.6
0.0,0.0,0.0,0.0,0.025,0.0,1.377,3.028,0.7,0.0,7.4,8,LT,284.7
0.0,0.0,0.34,0.0,0.025,0.0,1.377,3.786,0.825,0.0,13.08,8,LT,223.8
0.0,0.0,0.0,0.0,0.025,0.0,1.392,3.466,0.449,0.0,7.733,5.902,LT,190.3
0.0,0.0,0.2,0.0,0.025,0.0,1.377,3.786,0.825,0.0,17,8,LT,191.6
0.0,0.0,0.2,0.0,0.05,0.0,1.11,4.473,0.4,0.0,9.9,5.5,LT,298.6
0.0,0.0,0.0,0.0,0.025,0.0,1.377,2.928,0.2,0.0,0.0,8,LT,237.9
0.0,0.0,0.0,0.0,0.025,0.0,1.377,3.464,0.2,0.0,0.0,8,LT,379.7
0.0,0.0,0.0,0.0,0.025,0.0,1.377,2.928,0.2,0.0,7.6,8,LT,227.4
0.0,0.0,0.3,0.0,0.01,0.514,1.271,3.659,0.155,0.0,8.8,6.015,LT,333.7
0.0,0.0,0.3,0.0,0.01,0.514,1.271,3.659,0.155,0.0,8.8,6.015,LT,362.8
0.0,0.0,0.15,0.0,0.025,0.0,1.377,3.851,0.95,0.0,11.1,8.865,LT,284.7
0.0,0.0,0.3,0.0,0.02,0.0,1.377,4.512,0.45,0.03,7,10,LT,220.9
0.0,0.0,0.2,0.0,0.025,0.0,1.398,4.346,0.199,0.0,8.5,4.743,LT,276.5
0.0,0.0,0.3,0.0,0.05,0.0,1.463,3.152,0.85,0.0,0.0,7.5,LT,242.6
0.0,0.0,0.3,0.0,0.02,0.0,1.271,4.198,0.029,0.0,15.6,3.935,LT,486.5
0.0,0.0,0.0,0.0,0.01,0.514,1.271,3.659,0.153,0.0,8.9,6.2,LT,218.8
0.0,0.0,0.2,0.0,0.025,0.0,1.249,3.102,0.199,0.0,7.12,4.925,LT,234.7
0.0,0.0,0.0,0.0,0.025,0.0,1.332,3.4,0.7,0.0,7.6,7.608,LT,165.9
0.0,0.0,0.0,0.0,0.025,0.0,1.549,4.512,1,0.0,6.5,7,LT,219.7
0.0,0.0,0.2,0.0,0.025,0.0,1.398,4.346,0.199,0.0,8.5,4.743,LT,209.4
0.0,0.0,0.0,0.0,0.025,0.0,1.398,3.5,0.699,0.0,7.5,7.8,LT,235.3
0.0,0.0,0.0,0.0,0.0,0.0,0.0,0.0,0.0,100,0.0,0.0,LT,256
0.0,0.0,0.2,0.0,0.05,0.0,1.11,4.473,0.4,0.0,9.9,5.5,LT,293.7
0.0,0.0,0.2,0.0,0.05,0.0,1.11,4.473,0.4,0.0,9.9,5.5,LT,1014.1
0.0,0.0,0.3,0.0,0.019,0.0,1.196,3.955,0.027,0.0,15.6,3.746,LT,304.5
0.0,0.0,0.3,0.0,0.02,0.0,1.377,4.512,0.45,0.03,7,10,LT,250
0.0,0.0,0.2,0.0,0.025,0.0,1.249,3.088,0.199,0.0,7.12,4.925,LT,248.2
0.0,0.0,0.0,0.0,0.05,0.0,1.377,3.851,0.95,0.0,6.9,8.3,LT,201.5
0.0,0.0,0.0,0.0,0.025,0.0,1.485,4.179,1.415,0.0,5.8,7.8,LT,275.1
0.0,0.648,0.0,0.0,0.025,0.0,1.573,3.446,0.699,0.0,5,6.832,LT,276.8
0.0,0.0,0.3,0.0,0.02,0.0,1.25,4.191,0.029,0.0,16.6,4.089,LT,443.3
0.0,0.0,0.0,0.0,0.025,0.0,1.573,5.025,1.21,0.0,5.9,6.832,LT,211.2
0.0,0.0,0.2,0.0,0.05,0.0,1.11,4.473,0.4,0.0,9.9,5.5,LT,250.2
0.0,0.648,0.0,0.0,0.025,0.0,1.573,3.446,0.699,0.0,5,6.832,LT,238.3
0.0,0.0,0.2,0.0,0.025,0.0,1.398,3.446,0.699,0.0,0.0,6.832,LT,174.2
0.0,0.0,0.0,0.0,0.025,0.0,1.573,4.621,1.21,0.0,5.9,6.832,LT,293
0.0,0.0,0.3,0.0,0.05,0.0,1.485,3.034,0.861,0.0,6.1,8.373,LT,290.3
0.0,0.0,0.3,0.0,0.01,0.0,1.25,4.315,0.155,0.0,8.1,5.795,LT,211.4
0.0,0.0,0.3,0.0,0.05,0.0,1.485,3.034,0.861,0.0,5.9,8.373,LT,303.7
0.0,0.0,0.0,0.0,0.025,0.0,1.377,4.295,0.2,0.0,9.38,7,LT,182.3
0.0,0.0,0.0,0.0,0.025,0.0,1.485,4.23,0.304,0.0,5.9,7.879,LT,300.2
0.0,0.0,0.0,0.0,0.025,0.0,1.485,4.23,0.509,0.0,5.9,7.886,SR,243.5
0.0,0.0,0.3,0.0,0.01,0.0,1.25,4.297,0.155,0.0,5.8,5.795,LT,219.3
0.0,0.0,0.2,0.0,0.025,0.0,1.249,3.088,0.199,0.0,7.12,4.925,LT,221.9
0.0,0.0,0.1,0.0,0.025,0.0,1.398,3.446,0.699,0.0,8.3,7.879,LT,235.6
0.0,0.0,0.0,0.0,0.05,0.0,1.613,5.652,0.03,0.0,4.8,5.74,LT,331.6
0.0,0.0,0.0,0.0,0.025,0.0,1.398,3.446,0.699,0.0,7.8,7.92,LT,174.3
0.0,0.0,0.0,0.0,0.025,0.0,1.398,3.446,0.699,0.0,7.8,7.92,LT,263.7
0.0,0.0,0.15,0.0,0.05,0.0,1.358,5.451,0.2,0.0,7.1,4.83,LT,367.9
0.0,0.0,0.15,0.0,0.05,0.0,1.358,5.096,0.2,0.0,7.1,4.83,LT,242.3
0.0,0.0,0.0,0.0,0.025,0.0,1.485,4.23,0.509,0.0,5.3,7.886,LT,255.2
0.0,0.0,0.0,0.0,0.025,0.0,1.377,3.786,1,0.0,8,8,LT,252.7
0.0,0.648,0.0,0.0,0.025,0.0,1.573,3.446,0.7,0.0,5.6,6.895,LT,173.9
0.0,0.0,0.2,0.0,0.025,0.0,1.249,3.088,0.199,0.0,7.12,4.925,LT,210.5
0.0,0.83,0.3,0.0,0.05,0.0,1.485,3.034,0.861,0.0,6,8.373,SR,324
0.0,0.0,0.0,0.0,0.025,0.0,1.485,4.23,0.509,0.0,5.3,7.886,LT,246.4
0.0,0.0,0.1,0.0,0.025,0.0,1.377,3.851,0.95,0.0,8.4,9.05,LT,244.7
0.0,0.78,0.0,0.0,0.025,0.0,1.485,4.722,0.813,0.0,5.5,7.684,LT,259
0.0,0.0,0.0,0.0,0.025,0.0,0.874,3.446,0.2,0.0,8,4.434,LT,199
0.0,0.59,0.3,0.0,0.05,0.0,1.485,3.034,0.861,0.0,6.1,8.373,LT,277.9
0.0,0.0,0.3,0.0,0.05,0.0,1.463,3.152,0.85,0.0,6.6,8.5,SR,219.1
0.0,0.0,0.3,0.0,0.05,0.0,1.463,3.152,0.887,0.0,6,8.5,SR,272.4
0.0,0.79,0.0,0.0,0.025,0.0,1.398,4.604,0.762,0.0,5.2,7.881,LT,311.8
0.0,0.79,0.0,0.0,0.025,0.0,1.398,4.774,0.506,0.0,5.3,7.881,LT,214.4
0.0,0.0,0.1,0.0,0.05,0.0,1.377,3.851,0.95,0.0,8.4,8.3,LT,209
0.0,0.0,0.3,0.0,0.04,0.48,1.25,3.172,2.402,0.0,9.9,6.062,LT,302.3
0.0,0.0,0.2,0.0,0.025,0.0,1.251,3.126,0.202,0.0,6.5,4.974,LT,182.6
0.0,0.79,0.0,0.0,0.025,0.0,1.4,4.794,0.508,0.0,15.5,7.652,SR,259.5
0.0,0.0,0.3,0.0,0.01,0.0,1.25,4.289,0.181,0.0,5.9,5.771,LT,222.6
0.0,0.79,0.0,0.0,0.025,0.0,1.4,4.794,0.508,0.0,6,7.652,LT,222.6
0.0,0.0,0.0,0.0,0.025,0.0,1.377,4.915,0.5,0.0,5.5,8,LT,264.7
0.0,0.0,0.15,0.0,0.05,0.0,1.358,5.096,0.2,0.0,6.5,6.8,LT,263.1
0.0,0.79,0.0,0.0,0.02,0.0,1.4,4.77,1,0.0,5.3,7.88,LT,275.8
0.0,0.0,0.3,0.0,0.04,0.579,1.25,3.172,0.386,0.0,0.0,6.062,LT,422.4
0.0,0.0,0.2,0.0,0.025,0.0,1.4,3.625,0.457,0.0,9.8,8.609,LT,235.9
0.0,0.0,0.1,0.0,0.05,0.0,1.377,3.851,0.95,0.0,8.3,8.3,LT,195.5
0.0,0.0,0.2,0.0,0.025,0.0,1.251,3.072,0.202,0.0,6.2,4.304,LT,215.3
0.0,0.0,0.2,0.0,0.025,0.0,1.251,3.072,0.202,0.0,6.2,4.304,LT,215.6
0.0,0.0,0.2,0.0,0.025,0.0,1.251,3.072,0.202,0.0,6.2,4.304,LT,175.4
0.0,0.0,0.1,0.0,0.05,0.0,1.4,3.703,0.95,0.0,8.1,8.268,LT,136.3
0.0,0.762,0.2,0.0,0.025,0.0,1.4,3.571,0.457,0.0,9.8,8.609,LT,238.3
0.0,0.0,0.2,0.0,0.025,0.0,1.488,3.433,0.702,0.0,17.5,7.96,LT,237.2
0.0,0.0,0.2,0.0,0.02,0.0,2.104,5.878,0.15,0.0,9.2,6.408,LT,187.2
0.0,0.0,0.2,0.0,0.025,0.0,1.377,3.696,0.45,0.0,9.8,9,LT,250.7
0.0,0.0,0.2,0.0,0.025,0.0,1.377,3.696,0.45,0.0,9.8,9,LT,193.9
0.0,0.0,0.3,0.0,0.01,0.0,1.227,4.303,0.17,0.0,4.9,5.676,LT,214.3
0.0,0.0,0.1,0.0,0.023,0.0,1.457,4.087,0.0,0.0,0.0,6.67,LT,445.7
0.0,0.0,0.1,0.0,0.023,0.0,1.457,4.087,0.0,0.0,0.0,6.67,LT,338.9
0.0,0.0,0.0,0.0,0.025,0.0,1.377,4.465,0.2,0.0,0.0,7,LT,222.7
0.0,0.0,0.2,0.0,0.025,0.0,1.377,4.466,0.2,0.0,7.1,4.83,LT,203.6
0.0,0.0,0.0,0.0,0.025,0.0,1.251,4.542,0.202,0.0,7,4.125,LT,193.6
0.0,0.0,0.0,0.0,0.025,0.0,1.251,4.542,0.702,0.0,7,4.125,LT,175
0.0,0.0,0.1,0.0,0.05,0.0,1.377,4.423,0.4,0.0,0.0,5.5,LT,412.2
0.0,0.0,0.0,0.0,0.01,0.0,1.044,4.15,0.202,0.0,8.3,6.233,LT,181.3
0.0,0.704,0.0,0.0,0.025,0.0,1.463,4.089,0.2,0.0,4.7,7.5,LT,198
0.0,0.573,0.2,0.0,0.025,0.0,1.4,4.261,0.202,0.0,10.3,4.653,LT,248.2
0.0,0.573,0.2,0.0,0.025,0.0,1.4,4.261,0.202,0.0,10.3,4.653,LT,202.1
0.0,0.0,0.2,0.0,0.025,0.0,1.549,4.346,0.0,0.0,9.1,4.96,LT,256.2
0.0,0.0,0.2,0.0,0.025,0.0,1.549,4.346,0.0,0.0,10.2,4.96,LT,341.7
0.0,0.0,0.2,0.0,0.0,0.0,0.0,0.0,0.0,0.0,8.95,0.0,LT,197.7
0.0,0.0,0.1,0.0,0.05,0.0,1.377,4.423,0.9,0.0,0.0,5.5,LT,399.4
0.0,0.809,0.0,0.0,0.02,0.0,2.061,5.471,0.154,0.0,9.2,6.233,LT,207.1
0.0,0.0,0.2,0.0,0.025,0.0,1.4,4.261,0.202,0.0,10.3,4.653,LT,283.5
0.0,0.647,0.0,0.0,0.025,0.0,1.575,3.4,0.752,0.0,5.6,6.984,LT,259.7
0.0,0.0,0.3,0.0,0.02,0.0,1.377,4.512,0.45,0.03,7,10,LT,206
0.0,0.0,0.3,0.0,0.02,0.0,1.379,4.312,0.402,0.0,7.1,9.967,LT,214.5
0.0,0.0,0.3,0.0,0.02,0.0,1.377,4.512,0.502,0.03,7,10,LT,144.3
0.0,0.647,0.0,0.0,0.025,0.0,1.551,3.387,0.752,0.0,5.5,7.016,LT,209.8
0.0,0.0,0.0,0.0,0.057,0.0,1.585,4.205,1.138,0.0,4.4,9.555,LT,202.9
0.0,0.87,0.2,0.0,0.025,0.0,1.465,3.387,0.702,0.0,15.4,8,LT,235.3
0.0,0.87,0.2,0.0,0.025,0.0,1.465,3.387,0.702,0.0,15,8,LT,247.6
0.0,0.423,0.2,0.0,0.05,0.0,1.232,4.145,0.202,0.0,7.3,4.243,LT,184
0.0,0.562,0.2,0.0,0.05,0.0,1.232,4.481,0.202,0.0,7.3,4.125,LT,283.1
0.0,0.0,0.0,0.0,0.057,0.0,1.585,4.205,1.138,0.0,4.7,9.555,LT,227.8
0.0,0.0,0.2,0.0,0.025,0.0,1.379,4.248,0.202,0.0,8.5,4.722,LT,289.2
0.0,0.0,0.0,0.0,0.057,0.0,1.583,4.427,1.092,0.0,4.84,9.542,LT,221.3
0.0,0.573,0.2,0.0,0.025,0.0,1.379,4.248,0.202,0.0,10.8,4.722,LT,145.1
0.0,0.0,0.0,0.0,0.02,0.0,2.082,5.829,0.142,0.0,9,6.233,LT,199.9
0.0,0.944,0.0,0.0,0.02,0.0,2.082,5.829,0.142,0.0,8.8,6.233,LT,230.7
0.0,0.0,0.0,0.0,0.025,0.0,1.379,4.199,0.202,0.0,9.7,7.016,LT,193.2
0.0,0.0,0.2,0.0,0.01,0.0,1.377,4.852,0.2,0.0,9.3,4.5,LT,245.5
0.0,0.944,0.0,0.0,0.02,0.0,2.094,5.849,0.15,0.0,8.8,6.329,LT,240.1
0.0,0.0,0.0,0.0,0.02,0.0,2.094,5.849,0.15,0.0,9,6.329,SR,321.1
0.0,0.0,0.0,0.0,0.02,0.0,2.094,5.849,0.15,0.0,9,6.329,SR,252.6
0.0,0.578,0.12,0.0,0.05,0.0,1.73,5.073,0.2,0.0,4.8,5.27,SR,336.4
0.0,2.51,0.2,0.0,0.02,0.0,1.109,3.442,0.214,0.0,12.5,4.068,SR,314.1
0.0,0.51,0.0,0.0,0.02,0.0,1.109,3.442,0.214,0.0,8.8,4.068,SR,239.2
0.0,0.51,0.0,0.0,0.02,0.0,1.109,3.442,0.214,0.0,8.8,4.068,SR,340
0.0,0.662,0.2,0.0,0.01,0.0,1.356,4.595,0.201,0.0,8.9,4.535,SR,321.1
0.0,0.662,0.2,0.0,0.01,0.0,1.356,4.595,0.201,0.0,8.9,4.535,SR,263.6
0.0,0.662,0.2,0.0,0.01,0.0,1.356,4.556,0.201,0.0,9.1,4.535,EG,237.9
0.0,0.0,0.0,0.0,0.02,0.0,2.104,5.979,0.153,0.0,28,7,EG,236.3
0.0,0.749,0.0,0.0,0.025,0.0,1.914,4.014,0.189,0.0,7.8,9.191,SR,233.3
0.0,0.493,0.1,0.0,0.05,0.0,1.325,4.011,0.202,0.0,9.3,3.624,EG,190.8
0.0,0.0,0.0,0.0,0.01,0.0,1.635,4.26,0.2,0.0,15,7,EG,206.2
0.0,0.288,0.3,0.0,0.011,0.0,0.964,2.078,0.104,0.0,10.15,3.355,SR,399.2
0.0,0.0,0.3,0.0,0.011,0.0,0.962,2.099,0.104,0.0,5.8,3.255,EG,258.7
0.0,0.0,0.3,0.0,0.025,0.0,1.549,3.853,0.15,0.0,7.07,5.3,SR,148.3
0.25,0.0,0.3,0.0,0.05,0.0,0.553,2.453,1.316,0.0,6.4,2.5,SR,191.4
0.0,0.0,0.3,0.0,0.011,0.0,0.7,1.741,0.075,0.0,5.1,2.621,SR,304.8
0.25,0.0,0.3,0.0,0.05,0.0,0.553,2.453,1.316,0.0,7.1,2.5,SR,227.4
0.0,0.0,0.3,0.0,0.004,0.0,0.934,3.251,0.139,0.0,11,2.303,EG,251.6
0.0,0.0,0.3,0.0,0.004,0.0,0.934,3.251,0.139,0.0,11.7,2.303,SR,111.4
0.3,0.0,0.0,0.0,0.0,0.0,0.75,3.785,1.17,0.0,10.1,5.5,SR,379.4
0.3,0.0,0.0,0.0,0.0,0.0,0.527,3.785,1.16,0.0,9.4,5.5,SR,215.9
0.0,0.0,0.0,0.0,0.01,0.0,1.291,2.498,0.166,0.0,0.0,4.5,SR,233.7
0.7,0.0,0.0,0.0,0.01,0.0,0.0,1.27,5.03,0.0,0.0,9.8,SR,344.8
0.7,0.0,0.0,0.0,0.01,0.0,0.0,1.611,5.03,0.0,0.0,9.8,SR,317.8
0.7,0.0,0.0,0.0,0.01,0.0,0.0,1.27,6.03,0.0,0.0,9.8,SR,273.3
0.0,0.0,0.0,0.0,0.01,0.0,1.377,1.747,0.6,0.0,0.0,7.5,SR,186.7
0.0,0.459,0.3,0.0,0.005,0.0,1.038,2.509,1.836,0.0,0.0,6.497,SR,179.6
0.0,0.0,0.3,0.0,0.025,0.0,1.038,2.512,1.836,0.0,0.0,6.364,SR,198.4
0.0,0.527,0.3,0.0,0.025,0.0,1.038,2.512,1.836,0.0,0.0,6.364,SR,188.2
0.0,0.527,0.3,0.0,0.025,0.0,1.038,2.512,1.836,0.0,0.0,6.364,EG,210.4
0.0,0.0,0.3,0.0,0.025,0.0,1.038,2.512,1.836,0.0,0.0,6.364,SR,195.1
0.0,0.0,0.0,0.0,0.005,0.0,1.076,2.373,2.77,0.0,0.0,7.167,SR,191.7
0.0,0.0,0.0,0.0,0.01,0.0,1.377,1.747,0.6,0.0,0.0,7.5,SR,179.2
0.0,0.0,0.0,0.0,0.005,0.0,1.076,2.373,2.77,0.0,0.0,7.7,SR,131.4
0.0,0.0,0.0,0.0,0.005,0.0,1.076,2.373,2.77,0.0,0.0,7.7,SR,183
0.0,0.0,0.3,0.0,0.005,0.0,1.032,2.481,1.9,0.0,0.0,6.5,SR,167.8
0.0,0.0,0.3,0.0,0.025,0.0,1.032,2.481,1.9,0.0,0.0,6.5,SR,201.4
0.0,0.0,0.0,0.0,0.005,0.0,1.076,2.373,2.77,0.0,0.0,7.167,SR,167.5
0.0,0.0,0.3,0.0,0.025,0.0,1.044,2.508,1.874,0.0,0.0,6.503,SR,173.6
0.0,0.0,0.3,0.0,0.025,0.0,1.044,2.508,1.874,0.0,0.0,6.503,SR,174.8
0.0,0.0,0.3,0.0,0.025,0.0,1.038,2.513,1.883,0.0,0.0,6.412,SR,188.3
0.0,0.0,0.3,0.0,0.025,0.0,1.038,2.513,1.883,0.0,0.0,6.412,SR,178
0.0,0.0,0.3,0.0,0.025,0.0,1.038,2.509,1.877,0.0,0.0,6.412,SR,160
